{
  "plaintext_accuracy": 0.9157303370786517,
  "encrypted_accuracy": 0.9157303370786517,
  "precision": 0.9081632653061225,
  "recall": 0.9368421052631579,
  "f1_score": 0.9222797927461139,
  "confusion_matrix": [
    [
      74,
      9
    ],
    [
      6,
      89
    ]
  ],
  "roc_curve": {
    "fpr": [
      0.0,
      0.0,
      0.0,
      0.0,
      0.0,
      0.0,
      0.0,
      0.0,
      0.0,
      0.0,
      0.0,
      0.0,
      0.0,
      0.0,
      0.0,
      0.0,
      0.0,
      0.0,
      0.0,
      0.0,
      0.0,
      0.0,
      0.0,
      0.0,
      0.0,
      0.0,
      0.012048192771084338,
      0.012048192771084338,
      0.012048192771084338,
      0.012048192771084338,
      0.012048192771084338,
      0.012048192771084338,
      0.024096385542168676,
      0.024096385542168676,
      0.04819277108433735,
      0.04819277108433735,
      0.060240963855421686,
      0.07228915662650602,
      0.07228915662650602,
      0.08433734939759036,
      0.08433734939759036,
      0.10843373493975904,
      0.10843373493975904,
      0.14457831325301204,
      0.14457831325301204,
      0.1566265060240964,
      0.1566265060240964,
      0.18072289156626506,
      0.30120481927710846,
      0.3253012048192771,
      0.3493975903614458,
      0.37349397590361444,
      0.39759036144578314,
      0.42168674698795183,
      0.46987951807228917,
      0.4939759036144578,
      0.5180722891566265,
      0.5903614457831325,
      0.6746987951807228,
      0.6987951807228916,
      0.7228915662650602,
      0.7590361445783133,
      0.7710843373493976,
      0.7951807228915663,
      0.8674698795180723,
      0.891566265060241,
      0.9036144578313253,
      0.927710843373494,
      1.0
    ],
    "tpr": [
      0.0,
      0.010526315789473684,
      0.031578947368421054,
      0.07368421052631578,
      0.09473684210526316,
      0.10526315789473684,
      0.12631578947368421,
      0.1368421052631579,
      0.15789473684210525,
      0.16842105263157894,
      0.18947368421052632,
      0.21052631578947367,
      0.24210526315789474,
      0.30526315789473685,
      0.3473684210526316,
      0.3684210526315789,
      0.4,
      0.4421052631578947,
      0.4842105263157895,
      0.5368421052631579,
      0.5578947368421052,
      0.6,
      0.6210526315789474,
      0.6421052631578947,
      0.6631578947368421,
      0.6736842105263158,
      0.6842105263157895,
      0.7052631578947368,
      0.7263157894736842,
      0.7894736842105263,
      0.8105263157894737,
      0.8421052631578947,
      0.8421052631578947,
      0.8526315789473684,
      0.8736842105263158,
      0.8947368421052632,
      0.8947368421052632,
      0.9052631578947369,
      0.9263157894736842,
      0.9263157894736842,
      0.9368421052631579,
      0.9368421052631579,
      0.9578947368421052,
      0.9578947368421052,
      0.9789473684210527,
      0.9789473684210527,
      1.0,
      1.0,
      1.0,
      1.0,
      1.0,
      1.0,
      1.0,
      1.0,
      1.0,
      1.0,
      1.0,
      1.0,
      1.0,
      1.0,
      1.0,
      1.0,
      1.0,
      1.0,
      1.0,
      1.0,
      1.0,
      1.0,
      1.0
    ],
    "auc": 0.9842739378566899
  },
  "precision_recall_curve": {
    "precision": [
      0.5337078651685393,
      0.536723163841808,
      0.5397727272727273,
      0.5428571428571428,
      0.5459770114942529,
      0.5491329479768786,
      0.5523255813953488,
      0.5588235294117647,
      0.5621301775147929,
      0.5688622754491018,
      0.572289156626506,
      0.5757575757575758,
      0.5792682926829268,
      0.5828220858895705,
      0.5864197530864198,
      0.5900621118012422,
      0.5974842767295597,
      0.6012658227848101,
      0.6129032258064516,
      0.6168831168831169,
      0.6209150326797386,
      0.6291390728476821,
      0.6333333333333333,
      0.6375838926174496,
      0.6418918918918919,
      0.6462585034013606,
      0.6506849315068494,
      0.6551724137931034,
      0.6597222222222222,
      0.6884057971014492,
      0.6934306569343066,
      0.6985294117647058,
      0.7089552238805971,
      0.7142857142857143,
      0.7196969696969697,
      0.7251908396946565,
      0.7307692307692307,
      0.7421875,
      0.7480314960629921,
      0.753968253968254,
      0.7661290322580645,
      0.7723577235772358,
      0.7786885245901639,
      0.7916666666666666,
      0.7983193277310925,
      0.8050847457627118,
      0.811965811965812,
      0.8189655172413793,
      0.8260869565217391,
      0.8333333333333334,
      0.8407079646017699,
      0.8482142857142857,
      0.8558558558558559,
      0.8636363636363636,
      0.8796296296296297,
      0.8785046728971962,
      0.8773584905660378,
      0.8857142857142857,
      0.8846153846153846,
      0.883495145631068,
      0.8921568627450981,
      0.900990099009901,
      0.91,
      0.9090909090909091,
      0.9081632653061225,
      0.9175257731958762,
      0.9270833333333334,
      0.9263157894736842,
      0.9361702127659575,
      0.9347826086956522,
      0.9444444444444444,
      0.9550561797752809,
      0.9545454545454546,
      0.9540229885057471,
      0.9647058823529412,
      0.9759036144578314,
      0.975609756097561,
      0.9876543209876543,
      0.9875,
      0.9873417721518988,
      0.9871794871794872,
      0.9868421052631579,
      0.9866666666666667,
      0.9864864864864865,
      0.9863013698630136,
      0.9861111111111112,
      0.9859154929577465,
      0.9857142857142858,
      0.9852941176470589,
      0.9850746268656716,
      0.9848484848484849,
      1.0,
      1.0,
      1.0,
      1.0,
      1.0,
      1.0,
      1.0,
      1.0,
      1.0,
      1.0,
      1.0,
      1.0,
      1.0,
      1.0,
      1.0,
      1.0,
      1.0,
      1.0,
      1.0,
      1.0,
      1.0,
      1.0,
      1.0,
      1.0,
      1.0,
      1.0,
      1.0,
      1.0,
      1.0,
      1.0,
      1.0,
      1.0,
      1.0,
      1.0,
      1.0,
      1.0,
      1.0,
      1.0,
      1.0,
      1.0,
      1.0,
      1.0,
      1.0
    ],